Earthshaker|Return of Terror|Sunset Blues|Melancholy Damp|Bouncy Park|Gentle Smile|Guardian of the Ranch|Sleeping Lion|＠||
Nyandalucia|Paella Field|Flamenco Hole|Sangria River|Gazpacho Highland|Churros Night|Bone Dry Gardens|Tapas Desert|＠||
Chondroitin Sandhill|Sesamin Ruins|Isoflavone Cave|Catechin Hill|Lycopene Sunset|Propolis Oasis|Peptide snowfield|Hyaluronan Mountain|＠||
Premature Launch|Deep Ocean Blue|Mermaid Cove|Chaos Lagoon|Playing Pirates|Fisherman's Dilemma|Seaweed Shallows|Salty is Seawater|＠||
Lovely Minerals|Shapely Caverns|Enticing Tunnels|Squishy Hollows|Twin Peaks|Thriller Bridge|＠||||
Gunman's Dawn|Cowboy Haven|Wanted Night|Macaroni Town|Wandering Traveler|Disappointed Guard|Cowboy Mountain|Rodeo Night|＠||
Red Tuna Coast|Fresh Wharf|Blue Ocean|Carapaccio Waters|Economic Sea|Tactical War Tuna|Frozen Tuna Front|Cave Fillet|＠||
Prickly Field|Bamboo Coast|Serial Killer Jungle|Disgusting Swamp|Dumpy Cave|Stardust Street|Mushroom Cliff|Frontier Spirit|＠||
Milky Tunnel|Fluffy Dark Weapon|Mural of the Devil|The Wind Blows|Juvenile Killer|Upset Rock|Flooded Cave|Chubby B. Goode|＠||
Hot Bath Rock|Gentle Geyser|Thick Magma|Fire Cage|Volcanic Defender|Flame Caldera|＠||||
Potential Road|Gloomy Tree|A Song in the Wind|Philosophy Road|Frontier Bell|River of Tears|Shining Road|The Trial Deep|＠||
The Sea Whispers|Ripples Island|Octopus Sea|Poseidon Rest|Moonlight Beach|Coral Coral Reef|Ark of the Month|Killer Sardines|＠||
Tuna Field|Crab Field|Salmon Cave|Sea Urchin Cave|Caviar Woods|Natto Bay|Halibut Forest|Shrimp Frontier|＠||
Cardboard Corridor|Catnip Dream|Crunchy Wall|Wading Woodchips|Crunchy Pillar|Disapproving Giant|＠||||
Altar of Zeus|Sword of Achilles|Road of Eros|Dawn of Gaia|Gates of Aphrodite|Labyrinth of Hades|＠||||
Clammy Cove|Beached Mammals|Bikini Territory|Apple Bobbing Ocean|Parasol Field|Ancient One-Piece|Glassy Sands|Star Ocean|＠||
Gull Coast|Pelican Island|Underground Base|Villains Jungle|Chicken Game|Cat Trial|Prison Prairie|Jailer in the Morgue|＠||
Sin and Punishment|Prison Sentence|Harry Tunnel|Dead Falls|Pitfall Zone|The Great Escaper|＠||||
Jailbreak Diary|Last Gang|Prison Destruction|King of Freedom|Liar’s Fate|Pigpen Taboo|＠||||
Gandara's Rest|Utopia Is Over There|Godiego Pass|Monkey Magic|Outsider’s Gate|Marco Po Road|Pig Swill|Imp’s Cold Sweat|＠||
Safe & Not Sorry|Claustronyctophobia|Red Alert|Pitfalls of Life|Subtle Curfew|Underground|＠||||
The Red Carpet|The Bathroom|The VIP Room|Torture Room|Dictator’s Garden|Satan’s Bedroom|＠||||
Feast of Betrayal|Catharsis’ End|Black Premonition|Broken Mask|Agape’s Cage|Saint Red Fox|＠||||
Her Highness, Milk T.|Angry Fighting|The Horrible Song|Trap of Cowards|Dark Nemesis|Scent of Gore & Fish|＠||||
Valkyrie Plains|Minefield|Kugel Schreiber|Muddy Trench|Sniper Jungle|Sunset Soldier|Father’s Back|Winning Back|＠||
Oil Platform|Sweat and Aldehyde|Ancient Trial|I'm onto you|Littering Coast|Benzene Field|Government Watchdog|Revolving-door Floats|＠||
Sunset’s Howl|Gestalt, Decay|Warrior’s Dawn|Cursed Blizzards|Sign of the Cat|Out of Despair|Metabolic Syndrome|Love and Death|＠||
At least I'm a Cat|Knights of the Round Table|Cat Catharsis|Beautiful Finale|No more Bad Dreams|Learned to Love|＠||||
Renewed Conflict|Mysterious Order|Birdwatching|Thorny Dialogue|Darkweb|＠|||||
Hungry Forest|Overachiever Central|Morning Rush Hour|Docking Massacre|Subterranean Stalker|Lord of the Abyss|＠||||
DNA & DHA|Twilight Poachers|Surviving Herd|Alien Ecology|Heavenly Creatures|Conservation Society|＠||||
Rinrin Shelterbelt|Iberian Plains|Weeping Dunes|Golden Gai|Leadfoot Drive|Trouble at the Mansion|＠||||
Pecking Order|Technocracy|Merciless Onslaught|Celestial Seas|Close Encounters|The Spy Who Pet Me|＠||||
Home Sweet Mausoleum|Swamp of Sacrifice|Dungeon of Dreams|Revenant Road|Ghostlight Gardens|Silenced Meowing|＠||||
Virus Smugglers|Bionic Seaweed|Ancestral Ways|High Watchtower|Tunafish Trenches|The Infected King|＠||||
Greeter at the Gates|Rickety Coaster|Virtual Nightmare|50 Degrees Hotter|Irresistable Henhouse|The Haunted 1LDK|＠||||
Paparazzi Paradise|Gossip Rags|Beverly Hills Scoop|Lovechild Lane|Saucy Scandals|Multiversal Studios|＠||||
Swim Meet|Sea Breeze Salon|Deep Sea Dying|Procrastinator Parade|Grand Exhibition|No Return Flights|＠||||
Electric Bath|Boiling Spring|Mineral Treatment|Soap Scum|The Sauna Crew|Steamed to Death|＠||||
Narrow Docks|Romantic Highway|Drunken Backrub|Gulag of Love|Perfume Room|Houses of the Holy|＠||||